{
  "dataset": {
    "name": "Kaggle Credit Card Fraud (subsampled)",
    "total": 3500,
    "features": 30,
    "selected": 3,
    "fraud_pct": 12.0
  },
  "accuracy": {
    "Logistic Regression": {
      "mean": 96.6,
      "std": 0.4
    },
    "Random Forest": {
      "mean": 97.6,
      "std": 0.3
    },
    "XGBoost": {
      "mean": 97.3,
      "std": 0.2
    },
    "SNN (Baseline)": {
      "mean": 96.1,
      "std": 0.6
    },
    "SNN + Max-Ent": {
      "mean": 92.7,
      "std": 1.2
    }
  },
  "metrics": {
    "Logistic Regression": {
      "prec": 87.1,
      "rec": 88.8,
      "f1": 87.9,
      "auc": 97.5
    },
    "Random Forest": {
      "prec": 99.0,
      "rec": 83.5,
      "f1": 90.6,
      "auc": 96.9
    },
    "XGBoost": {
      "prec": 95.4,
      "rec": 85.3,
      "f1": 90.0,
      "auc": 97.9
    },
    "SNN (Baseline)": {
      "prec": 88.3,
      "rec": 83.9,
      "f1": 86.0,
      "auc": 96.2
    },
    "SNN + Max-Ent": {
      "prec": 70.0,
      "rec": 85.3,
      "f1": 76.8,
      "auc": 95.6
    }
  },
  "t_test": {
    "improvement_pp": -3.43,
    "t": -6.865,
    "p": 0.0024,
    "significant": true
  },
  "latency": {
    "edge_ms": 0.41,
    "edge_std": 0.0,
    "cloud_ms": 112.8,
    "cloud_std": 6.8,
    "reduction_pct": 99.6
  },
  "bandwidth": {
    "cloud_bytes": 496,
    "edge_bytes": 161,
    "reduction_pct": 67.5
  },
  "infrastructure": {
    "cpu_ms_per_txn_edge": 1.5985,
    "cpu_ms_per_txn_cloud": 1.5774,
    "peak_memory_bytes_edge": 42336,
    "peak_memory_bytes_cloud": 47736,
    "model_storage_bytes_edge": 1456,
    "model_storage_bytes_cloud": 7936
  },
  "feature_importance": {
    "V14": 2.361,
    "V10": 1.9769,
    "V4": 1.9079,
    "V12": 1.3945,
    "V8": 1.3169,
    "V17": 0.934,
    "V22": 0.7886,
    "V6": 0.6377,
    "V21": 0.5978,
    "V11": 0.5389,
    "Amount": 0.5025,
    "V7": 0.4916,
    "V1": 0.4729,
    "V13": 0.4613,
    "V5": 0.4509,
    "V2": 0.4208,
    "V18": 0.3809,
    "V9": 0.359,
    "Time": 0.3458,
    "V28": 0.2111,
    "V19": 0.2066,
    "V23": 0.1406,
    "V20": 0.1405,
    "V24": 0.1197,
    "V3": 0.1102,
    "V16": 0.0941,
    "V27": 0.0404,
    "V26": 0.0232,
    "V25": 0.0135,
    "V15": 0.0036
  },
  "selected_features": [
    "V14",
    "V10",
    "V4"
  ],
  "convergence_baseline": [
    1.326894,
    1.166586,
    1.125033,
    1.111267,
    1.081873,
    1.041343,
    1.067121,
    1.025442,
    0.984547,
    0.947071,
    0.965097,
    0.920887,
    0.903766,
    0.885242,
    0.871236,
    0.845742,
    0.858099,
    0.810476,
    0.85604,
    0.792995,
    0.820629,
    0.773316,
    0.760561,
    0.743239,
    0.744351,
    0.718019,
    0.710217,
    0.693249,
    0.67841,
    0.685709,
    0.68449,
    0.668844,
    0.670985,
    0.653706,
    0.631257,
    0.624144,
    0.643191,
    0.611457,
    0.613544,
    0.588626,
    0.60193,
    0.583441,
    0.589142,
    0.569857,
    0.566227,
    0.57924,
    0.556215,
    0.570446,
    0.541946,
    0.551318,
    0.557331,
    0.529199,
    0.530199,
    0.522664,
    0.516995,
    0.514213,
    0.511189,
    0.527555,
    0.499835,
    0.497162,
    0.51915,
    0.519287,
    0.493826,
    0.488092,
    0.507322,
    0.500868,
    0.483957,
    0.472765,
    0.467517,
    0.467597,
    0.485068,
    0.462901,
    0.463022,
    0.478911,
    0.510699,
    0.453664,
    0.457828,
    0.444184,
    0.453967,
    0.493961,
    0.475172,
    0.440297,
    0.437799,
    0.443597,
    0.435608,
    0.427733,
    0.440135,
    0.428103,
    0.451017,
    0.428316,
    0.436755,
    0.426765,
    0.444349,
    0.407928,
    0.431213,
    0.418357,
    0.425918,
    0.431234,
    0.409132,
    0.401944,
    0.407182,
    0.41996,
    0.401293,
    0.407738,
    0.413568,
    0.419146,
    0.399609,
    0.454905,
    0.402252,
    0.398994,
    0.413119,
    0.430503,
    0.39643,
    0.39974,
    0.40184,
    0.390773,
    0.394752,
    0.401244,
    0.407782,
    0.387194,
    0.397956,
    0.381946,
    0.386726,
    0.382291,
    0.378089,
    0.383037,
    0.38303,
    0.382475,
    0.397837,
    0.438063,
    0.383904,
    0.379839,
    0.381176,
    0.387641,
    0.373508,
    0.38596,
    0.394951,
    0.407902,
    0.3633,
    0.377237,
    0.371014,
    0.371042,
    0.370392,
    0.378157,
    0.371093,
    0.364832,
    0.374822,
    0.402302,
    0.363888,
    0.372841,
    0.35842,
    0.405556,
    0.384613,
    0.3713,
    0.362073,
    0.38643,
    0.380415,
    0.370346,
    0.37003,
    0.374878,
    0.35901,
    0.380016,
    0.353748,
    0.398344,
    0.375338,
    0.355042,
    0.377422,
    0.361998,
    0.356037,
    0.393592,
    0.364081,
    0.34149,
    0.348176,
    0.357767,
    0.364476,
    0.380528,
    0.349443,
    0.345069,
    0.369695,
    0.363139,
    0.363457,
    0.352411,
    0.343396,
    0.352236,
    0.401788,
    0.356443,
    0.343141,
    0.355569,
    0.343288,
    0.369584,
    0.347477,
    0.372818,
    0.342746,
    0.349078,
    0.34259,
    0.346839,
    0.333042,
    0.370064,
    0.392897,
    0.350005,
    0.382724,
    0.350949,
    0.350431,
    0.34014,
    0.356331,
    0.344158,
    0.347477,
    0.334969,
    0.351823,
    0.339366,
    0.341715,
    0.34237,
    0.329406,
    0.338614,
    0.355453,
    0.341337,
    0.342649,
    0.340853,
    0.34867,
    0.38557,
    0.33099,
    0.33721,
    0.346242,
    0.354577,
    0.392171,
    0.345066,
    0.365909,
    0.332856,
    0.341313,
    0.333892,
    0.337015,
    0.335134,
    0.347483,
    0.346139,
    0.357668,
    0.364319,
    0.354925,
    0.332591,
    0.32882,
    0.346449,
    0.332437,
    0.340185,
    0.35792,
    0.330608,
    0.342611,
    0.337192,
    0.356764,
    0.336962,
    0.329572,
    0.353238
  ],